label,δD,δP,δH,smiles,test,poly_label,n_copies,organic,n_electrons,n_atoms,charge,MolWt,n_frags,largest,finished,job_name,poly_smiles,homo,lumo,gap,d-moments,dipole,polar,run_time,n_cores,compute_time,Area,Hba,Hbd,Volume,sigma_mom_0,sigma_mom_1,sigma_mom_2,sigma_mom_3,sigma_mom_4,sigma_mom_5,sigma_norm,sigma_profile,δd_gp_pred,δd_gp_std,δp_gp_pred,δp_gp_std,δh_gp_pred,δh_gp_std
Polyacrylonitrile-n5,20,15.1,7.9,CCC#N,True,Polyacrylonitrile,5,True,110,45,0,275.4,1,True,True,SOLSPE2_Polyacrylonitrile-n5,[C@@H](C#N)(CCC#N)C[C@@H](C#N)C[C@H](C#N)CCC#N,-7.8790021184574,-1.12004782004305,6.75895429841435,[ 0.58302575 -8.49403297 -1.86749721],8.71642477866191,211.62387,468.596,4,1874.384,3.047,1.5386,0.2196,0.3427,0,175,26.1,154,51.4,165,66.7703457007675,"[ 0.          0.          0.          0.          0.          0.          0.
  0.          0.          0.          0.          0.          0.          0.
  0.          0.          0.00062902  0.01350899  0.0447504   0.08342027
  0.15921739  0.28415309  0.38696819  0.39252455  0.311216    0.21750674
  0.1512348   0.1238424   0.11009378  0.08777849  0.09177727  0.10631965
  0.09990962  0.10775742  0.12128138  0.12766146  0.17756386  0.2345053
  0.2599058   0.24337151  0.19075834  0.16574723  0.14022692  0.09096853
  0.03615377  0.0026359   0.          0.          0.          0.          0.
  0.          0.          0.          0.          0.          0.          0.
  0.          0.          0.        ]",17.8459702510849,0.680083773877374,10.798787429526,4.10729220627201,8.81571713664251,1.7282680224449
Polyethylene-n5,16.9,0.8,2.8,CC,True,Polyethylene,5,True,70,40,0,150.35,1,True,True,SOLSPE2_Polyethylene-n5,C(C)CCCCCCCC,-6.643387546107,1.18225304626735,7.82564059237435,[  2.54174623e-05  -3.81261934e-04  -7.62523869e-04],0.000852906419769,155.94154,212.117,4,848.468,2.3652,0,0,0.2325,0,6.079526,0.173827,0.301749,0.015514,0.018448,91.8817555557141,"[  0.00000000e+00   0.00000000e+00   0.00000000e+00   0.00000000e+00
   0.00000000e+00   0.00000000e+00   0.00000000e+00   0.00000000e+00
   0.00000000e+00   0.00000000e+00   0.00000000e+00   0.00000000e+00
   0.00000000e+00   0.00000000e+00   0.00000000e+00   0.00000000e+00
   0.00000000e+00   0.00000000e+00   0.00000000e+00   0.00000000e+00
   0.00000000e+00   0.00000000e+00   0.00000000e+00   0.00000000e+00
   0.00000000e+00   5.11527013e-04   2.74483219e-02   1.63895432e-01
   3.84973054e-01   5.12833040e-01   4.86451306e-01   4.11703061e-01
   3.36573891e-01   1.97732400e-01   5.16533448e-02   4.46225692e-04
   0.00000000e+00   0.00000000e+00   0.00000000e+00   0.00000000e+00
   0.00000000e+00   0.00000000e+00   0.00000000e+00   0.00000000e+00
   0.00000000e+00   0.00000000e+00   0.00000000e+00   0.00000000e+00
   0.00000000e+00   0.00000000e+00   0.00000000e+00   0.00000000e+00
   0.00000000e+00   0.00000000e+00   0.00000000e+00   0.00000000e+00
   0.00000000e+00   0.00000000e+00   0.00000000e+00   0.00000000e+00
   0.00000000e+00]",17.7407009708218,0.402350768707365,0.654789164525572,1.18960754161066,4.56002255205809,1.73740990265075
Polypropylene-n5,18,0,1,CCC,True,Polypropylene,5,True,100,55,0,220.485,1,True,True,SOLSPE2_Polypropylene-n5,C(C[C@@H](C[C@H](C[C@H](CC(C)C)C)C)C)C,-6.53620190039505,0.90371730889555,7.4399192092906,[ 0.00302468  0.08883403 -0.14884466],0.17336483575187,234.69995,727.325,4,2909.3,2.978,0,0,0.3397,0,9.042064,0.279806,0.50747,0.024044,0.034376,112.132128107871,"[  0.00000000e+00   0.00000000e+00   0.00000000e+00   0.00000000e+00
   0.00000000e+00   0.00000000e+00   0.00000000e+00   0.00000000e+00
   0.00000000e+00   0.00000000e+00   0.00000000e+00   0.00000000e+00
   0.00000000e+00   0.00000000e+00   0.00000000e+00   0.00000000e+00
   0.00000000e+00   0.00000000e+00   0.00000000e+00   0.00000000e+00
   0.00000000e+00   0.00000000e+00   0.00000000e+00   0.00000000e+00
   0.00000000e+00   2.18492241e-03   4.42513674e-02   1.94591866e-01
   4.10087642e-01   5.13100045e-01   4.49808640e-01   3.73559306e-01
   3.48891978e-01   2.43980030e-01   7.48402812e-02   4.63738635e-04
   0.00000000e+00   0.00000000e+00   0.00000000e+00   0.00000000e+00
   0.00000000e+00   0.00000000e+00   0.00000000e+00   0.00000000e+00
   0.00000000e+00   0.00000000e+00   0.00000000e+00   0.00000000e+00
   0.00000000e+00   0.00000000e+00   0.00000000e+00   0.00000000e+00
   0.00000000e+00   0.00000000e+00   0.00000000e+00   0.00000000e+00
   0.00000000e+00   0.00000000e+00   0.00000000e+00   0.00000000e+00
   0.00000000e+00]",17.9830147382498,0.574250363621046,1.29934300231722,1.03776126525449,4.53023160282155,3.57215264746485
Polystyrene-n5,18.7,5.9,3.5,CCc1ccccc1,True,Polystyrene,5,True,210,90,0,530.84,1,True,True,SOLSPE2_Polystyrene-n5,C(c1ccccc1)C[C@@H](c1ccccc1)C[C@H](c1ccccc1)C[C@H](c1ccccc1)C[C@@H](c1ccccc1)C,-5.62233474487585,-1.16832081712175,4.4540139277541,[ 1.16889826 -0.84472394  0.47657742],1.5188837043226,596.80852,2734.617,4,10938.468,5.0681,0.0023,0,0.7056,0,69.7,10.5,20.1,7.239795,8.328337,139.089066838483,"[  0.00000000e+00   0.00000000e+00   0.00000000e+00   0.00000000e+00
   0.00000000e+00   0.00000000e+00   0.00000000e+00   0.00000000e+00
   0.00000000e+00   0.00000000e+00   0.00000000e+00   0.00000000e+00
   0.00000000e+00   0.00000000e+00   0.00000000e+00   0.00000000e+00
   0.00000000e+00   0.00000000e+00   0.00000000e+00   0.00000000e+00
   0.00000000e+00   0.00000000e+00   1.43792754e-04   1.78446808e-02
   1.13078622e-01   2.72695769e-01   3.66247335e-01   3.73206904e-01
   3.67627745e-01   3.43341149e-01   2.88412317e-01   2.45332008e-01
   2.42973806e-01   2.34252776e-01   2.04307935e-01   1.89641074e-01
   1.74413421e-01   1.30441597e-01   5.89406499e-02   1.22151945e-02
   5.01836712e-03   2.91180327e-03   7.04584496e-04   0.00000000e+00
   0.00000000e+00   0.00000000e+00   0.00000000e+00   0.00000000e+00
   0.00000000e+00   0.00000000e+00   0.00000000e+00   0.00000000e+00
   0.00000000e+00   0.00000000e+00   0.00000000e+00   0.00000000e+00
   0.00000000e+00   0.00000000e+00   0.00000000e+00   0.00000000e+00
   0.00000000e+00]",18.8603529444719,0.664172202859826,6.90365327698579,1.8452728213761,4.81598237034533,2.5358202217518
Polyvinylchloride-n5,18.8,9.2,6.3,CCCl,True,Polyvinylchloride,5,True,100,40,0,322.575,1,True,True,SOLSPE2_Polyvinylchloride-n5,C[C@@H](Cl)C[C@@H](C[C@H](C[C@@H](CCCl)Cl)Cl)Cl,-6.8095402632223,-0.3038967482384,6.5056435149839,[-5.16594671  4.24870675 -3.03845428],7.34647662479924,209.21877,355.196,4,1420.784,2.9882,0,0,0.3388,0,57.2,-0.83263,16.4,-0.580348,5.479739,80.1359628444059,"[ 0.          0.          0.          0.          0.          0.          0.
  0.          0.          0.          0.          0.          0.          0.
  0.          0.          0.          0.          0.          0.          0.
  0.00165968  0.03611362  0.14757419  0.28835992  0.35646917  0.33174868
  0.25239604  0.17719884  0.16348465  0.17098441  0.17890844  0.20533852
  0.24867736  0.34195633  0.39038652  0.2900196   0.12487527  0.02272388
  0.          0.          0.          0.          0.          0.          0.
  0.          0.          0.          0.          0.          0.          0.
  0.          0.          0.          0.          0.          0.          0.
  0.        ]",17.8669369015666,0.834781166615846,8.52793956873671,2.1210784535337,6.09965074365137,2.3466407754399
DPP3T-n1,19.3,4.2,5.5,CCCCCCCCCC[C@H](CCCCCCCC)CN1C(=O)C2=C(c3cc4sc(-c5cccs5)cc4s3)N(C[C@@H](CCCCCCCC)CCCCCCCCCC)C(=O)C2=C1c1cc2sccc2s1,False,DPP3T,1,True,390,161,0,1055.749,1,True,True,SOLSPE2_DPP3T-n1,c1cc2c(s1)cc(s2)c1c2c(c(=O)n1C[C@H](CCCCCCCCCC)CCCCCCCC)c(n(c2=O)C[C@H](CCCCCCCCCC)CCCCCCCC)c1cc2c(s1)cc(s2)c1cccs1,-4.91521969296655,-3.3933141385051,1.52190555446145,[ 0.4242937  -0.2256054  -0.20913488],0.524080465847665,1356.23456,4667.586,4,18670.344,11.2985,1.2619,0.015,1.3436,0,118,15.4,80.2,38.5,91.9,368.782263118768,"[  0.00000000e+00   0.00000000e+00   0.00000000e+00   0.00000000e+00
   0.00000000e+00   0.00000000e+00   0.00000000e+00   0.00000000e+00
   0.00000000e+00   0.00000000e+00   0.00000000e+00   0.00000000e+00
   0.00000000e+00   0.00000000e+00   0.00000000e+00   0.00000000e+00
   0.00000000e+00   3.52511531e-05   1.15786480e-03   5.62120310e-03
   1.56623585e-02   2.80788992e-02   3.42071766e-02   3.51589577e-02
   3.99910773e-02   4.72202753e-02   7.74115321e-02   1.95633053e-01
   3.71381744e-01   4.68034982e-01   4.53826056e-01   4.13515007e-01
   3.67276340e-01   2.52959563e-01   1.12337290e-01   3.98690541e-02
   1.95562551e-02   9.56662061e-03   6.12827738e-03   7.54374675e-03
   9.79982055e-03   1.36205032e-02   1.77475997e-02   1.46834611e-02
   5.37986828e-03   3.19972005e-04   0.00000000e+00   0.00000000e+00
   0.00000000e+00   0.00000000e+00   0.00000000e+00   0.00000000e+00
   0.00000000e+00   0.00000000e+00   0.00000000e+00   0.00000000e+00
   0.00000000e+00   0.00000000e+00   0.00000000e+00   0.00000000e+00
   0.00000000e+00]",18.9739422205902,0.492758617892042,2.60170634785094,1.74332697342093,4.82999689647399,2.6112330428108
DPP5T-n1,19,3,2,CCCCCCCC[C@H](CCCCCC)CN1C(=O)C2=C(c3ccc(-c4cc(CCCCCC)c(-c5cccs5)s4)s3)N(C[C@H](CCCCCCC)CCCCCCCC)C(=O)C2=C1c1ccc(-c2cc(CCCCCC)cs2)s1,False,DPP5T,1,True,440,184,0,1177.96,1,True,True,SOLSPE2_DPP5T-n1,CCCCCCc1cc(sc1)c1ccc(s1)c1c2c(c(=O)n1C[C@H](CCCCCCCC)CCCCCC)c(n(c2=O)C[C@@H](CCCCCCCC)CCCCCCC)c1ccc(s1)c1cc(c(s1)c1cccs1)CCCCCC,-5.10303267258165,-3.3390002139453,1.76403245863635,[ 0.67602824 -1.06832136 -0.90435331],1.55440651645812,1409.66704,9382.736,4,37530.944,10.6139,1.6128,0,1.5141,0,117,33.6,80.9,62.9,98.7,337.761674174262,"[  0.00000000e+00   0.00000000e+00   0.00000000e+00   0.00000000e+00
   0.00000000e+00   0.00000000e+00   0.00000000e+00   0.00000000e+00
   0.00000000e+00   0.00000000e+00   0.00000000e+00   0.00000000e+00
   0.00000000e+00   0.00000000e+00   0.00000000e+00   0.00000000e+00
   0.00000000e+00   0.00000000e+00   0.00000000e+00   4.11532778e-04
   3.75412635e-03   1.60882670e-02   3.37752945e-02   4.47652921e-02
   4.98398761e-02   6.14604959e-02   1.13115261e-01   2.43357984e-01
   4.01330318e-01   4.62704954e-01   4.30356702e-01   4.04172558e-01
   3.53568830e-01   2.29285931e-01   1.09867409e-01   5.06096497e-02
   2.56393803e-02   1.29884482e-02   8.18920621e-03   6.80953517e-03
   1.03060834e-02   1.92354565e-02   2.38067271e-02   1.78972348e-02
   7.64444340e-03   1.41519905e-03   1.18426699e-05   0.00000000e+00
   0.00000000e+00   0.00000000e+00   0.00000000e+00   0.00000000e+00
   0.00000000e+00   0.00000000e+00   0.00000000e+00   0.00000000e+00
   0.00000000e+00   0.00000000e+00   0.00000000e+00   0.00000000e+00
   0.00000000e+00]",18.9953560618863,0.437714011934569,4.0594149983906,1.75896589475791,3.65679881726789,2.45305426919492
MDMOPPV-n1,19.06,5.62,5.28,C=Cc1cc(OCC[C@@H](C)CCCC(C)C)ccc1OC,False,MDMOPPV,1,True,118,51,0,290.447,1,True,True,SOLSPE2_MDMOPPV-n1,c1cc(cc(c1OC)C=C)OCC[C@@H](C)CCCC(C)C,-4.7748905802637,-1.9969347032793,2.7779558769844,[-0.36006377 -0.06941509 -0.48450767],0.607628219032813,317.51428,1023.035,4,4092.14,3.6473,0.1232,0.0006,0.41,0,49.8,10,22.2,12,17.1,101.656770566451,"[  0.00000000e+00   0.00000000e+00   0.00000000e+00   0.00000000e+00
   0.00000000e+00   0.00000000e+00   0.00000000e+00   0.00000000e+00
   0.00000000e+00   0.00000000e+00   0.00000000e+00   0.00000000e+00
   0.00000000e+00   0.00000000e+00   0.00000000e+00   0.00000000e+00
   0.00000000e+00   0.00000000e+00   1.37718323e-04   4.32829016e-04
   1.45587942e-03   5.35134056e-03   1.52277118e-02   5.46151522e-02
   1.33055574e-01   1.87228061e-01   2.14181504e-01   3.00639100e-01
   4.17129127e-01   4.38849274e-01   3.66212696e-01   3.16240619e-01
   2.95681240e-01   2.31858634e-01   1.64416004e-01   1.38702026e-01
   1.07371107e-01   6.26323261e-02   4.08236459e-02   3.68101404e-02
   2.74649685e-02   1.52473858e-02   9.27631278e-03   5.34150354e-03
   1.53457560e-03   0.00000000e+00   0.00000000e+00   0.00000000e+00
   0.00000000e+00   0.00000000e+00   0.00000000e+00   0.00000000e+00
   0.00000000e+00   0.00000000e+00   0.00000000e+00   0.00000000e+00
   0.00000000e+00   0.00000000e+00   0.00000000e+00   0.00000000e+00
   0.00000000e+00]",18.9824421104788,0.528456472844829,5.46465974188738,0.61736894106518,6.20888195493494,3.0229189792027
MEHPPV-n1,19.06,5.38,5.44,C=Cc1cccc(OC[C@@H](CC)CCCC)c1,False,MEHPPV,1,True,94,41,0,232.367,1,True,True,SOLSPE2_MEHPPV-n1,c1cc(cc(c1)C=C)OC[C@H](CCCC)CC,-5.3611326597809,-1.87968084509885,3.48145181468205,[-1.8923809  -0.75012015  0.41631262],2.07776368040083,261.57449,777.848,4,3111.392,3.0968,0.0238,0,0.3281,0,36.5,4.164815,12,4.275648,6.656485,87.3867576810125,"[  0.00000000e+00   0.00000000e+00   0.00000000e+00   0.00000000e+00
   0.00000000e+00   0.00000000e+00   0.00000000e+00   0.00000000e+00
   0.00000000e+00   0.00000000e+00   0.00000000e+00   0.00000000e+00
   0.00000000e+00   0.00000000e+00   0.00000000e+00   0.00000000e+00
   0.00000000e+00   0.00000000e+00   0.00000000e+00   0.00000000e+00
   0.00000000e+00   5.26395546e-04   9.41790292e-03   4.73641557e-02
   1.24423886e-01   1.86870419e-01   2.13842469e-01   2.88315995e-01
   3.97359977e-01   4.19491476e-01   3.63762209e-01   3.32853636e-01
   3.17576721e-01   2.52440994e-01   1.78093345e-01   1.53284094e-01
   1.26094620e-01   6.81338930e-02   2.64570979e-02   1.44072172e-02
   1.07796653e-02   7.12922663e-03   4.01662688e-03   1.04134771e-03
   1.14433814e-05   0.00000000e+00   0.00000000e+00   0.00000000e+00
   0.00000000e+00   0.00000000e+00   0.00000000e+00   0.00000000e+00
   0.00000000e+00   0.00000000e+00   0.00000000e+00   0.00000000e+00
   0.00000000e+00   0.00000000e+00   0.00000000e+00   0.00000000e+00
   0.00000000e+00]",18.9872744672089,0.546067828035595,5.4414876358232,0.743013242954838,4.26748774631919,2.08986668900375
P3HT-n5,18.5,4.6,1.4,CCCCCCc1ccsc1,False,P3HT,5,True,310,135,0,841.525,1,True,True,SOLSPE2_P3HT-n5,c1cc(c(s1)c1sc(c(c1)CCCC[C]C)c1sc(c(c1)CCCC[C]C)c1sc(c(c1)CCCC[C]C)c1scc(c1)CCCC[C]C)CCCCCC,-4.0165637016903,-3.1782353510699,0.838328350620399,[-12.52338701   3.80545162  -1.39371571],13.1627933146148,1251.90699,6051.328,4,24205.312,9.2464,22.7618,0,1.0299,0,240,246,596,1250,2880,248.429784528748,"[  0.00000000e+00   0.00000000e+00   0.00000000e+00   0.00000000e+00
   0.00000000e+00   0.00000000e+00   0.00000000e+00   0.00000000e+00
   0.00000000e+00   0.00000000e+00   0.00000000e+00   0.00000000e+00
   0.00000000e+00   0.00000000e+00   0.00000000e+00   0.00000000e+00
   0.00000000e+00   0.00000000e+00   0.00000000e+00   2.17365241e-04
   3.39331293e-03   1.48130386e-02   3.87715186e-02   8.81416052e-02
   1.60170006e-01   2.33023589e-01   3.05559175e-01   3.70849253e-01
   4.05748450e-01   3.85940036e-01   3.09101423e-01   2.40305325e-01
   2.40047706e-01   2.64380538e-01   2.35156989e-01   1.50770972e-01
   6.86189864e-02   2.63816998e-02   1.37543894e-02   1.12788408e-02
   1.35370242e-02   1.28487009e-02   8.73486246e-03   6.60146288e-03
   7.32198840e-03   8.73083718e-03   1.01718882e-02   1.25951081e-02
   1.14841302e-02   7.87345206e-03   4.17824297e-03   4.21447051e-03
   9.31047783e-03   1.22610097e-02   9.95452298e-03   6.30359199e-03
   5.05575450e-03   3.44564160e-03   9.09713787e-04   0.00000000e+00
   0.00000000e+00]",18.4722907594702,0.559181122901616,6.10491858077484,2.80753014211495,5.50212286648413,3.71531350601801
PCE10-n1,18.56,2.3,3.21,CCCCC[C@H](CC)COC(=O)c1sc2c(-c3cc4c(-c5ccc(C[C@@H](CC)CCCC)s5)c5sccc5c(-c5ccc(C[C@@H](CC)CCCC)s5)c4s3)scc2c1F,False,PCE10,1,True,316,120,0,905.436,1,True,True,SOLSPE2_PCE10-n1,CCCCC[C@H](CC)COC(=O)c1c(c2c(s1)c(sc2)c1cc2c(s1)c(c1c(c2c2ccc(s2)C[C@@H](CC)CCCC)scc1)c1ccc(s1)C[C@@H](CC)CCCC)F,-4.99554770163415,-2.94076159373855,2.0547861078956,[-0.9659144   3.03492125  2.34341377],3.95415297348225,1061.80616,10770.119,4,43080.476,8.9432,0.2001,0.0186,1.0598,0,86.3,1.402765,39.9,6.758486,34.5,279.315971621746,"[  0.00000000e+00   0.00000000e+00   0.00000000e+00   0.00000000e+00
   0.00000000e+00   0.00000000e+00   0.00000000e+00   0.00000000e+00
   0.00000000e+00   0.00000000e+00   0.00000000e+00   0.00000000e+00
   0.00000000e+00   0.00000000e+00   0.00000000e+00   0.00000000e+00
   0.00000000e+00   1.32466467e-04   1.36404659e-03   5.80704351e-03
   1.26344368e-02   1.74390314e-02   2.22328854e-02   3.53327450e-02
   5.38708901e-02   7.24949593e-02   1.22864438e-01   2.42957822e-01
   3.79545070e-01   4.24855762e-01   3.95752521e-01   4.00560696e-01
   3.98573699e-01   2.91798566e-01   1.51817312e-01   7.05079623e-02
   3.28946460e-02   1.47252589e-02   9.82041945e-03   9.27981306e-03
   1.04827518e-02   1.20795097e-02   8.78574893e-03   2.93216315e-03
   2.68513109e-04   0.00000000e+00   0.00000000e+00   0.00000000e+00
   0.00000000e+00   0.00000000e+00   0.00000000e+00   0.00000000e+00
   0.00000000e+00   0.00000000e+00   0.00000000e+00   0.00000000e+00
   0.00000000e+00   0.00000000e+00   0.00000000e+00   0.00000000e+00
   0.00000000e+00]",18.6879265347615,0.613270433320029,2.78033359815896,2.63577685044311,3.95471379067204,3.27028122605225
PCE11-n1,18.56,4.07,2.31,CCCCCCCCCC[C@@H](CCCCCCCC)Cc1csc(C2=C(F)C(F)=C(c3cc(C[C@H](CCCCCCCC)CCCCCCCCCC)c(-c4ccc(-c5cccs5)s4)s3)[C@@H]3NSN[C@@H]23)c1,False,PCE11,1,True,396,165,0,1065.779,1,True,True,SOLSPE2_PCE11-n1,c1(cc(sc1)C1=C(C(=C([C@H]2[C@H]1NSN2)c1cc(c(s1)c1ccc(s1)c1cccs1)C[C@@H](CCCCCCCCCC)CCCCCCCC)F)F)C[C@@H](CCCCCCCCCC)CCCCCCCC,-4.268922086644,-2.6647020924063,1.6042199942377,[-0.1138194  -0.39069181 -2.30193247],2.33762444778297,1182.59043,7932.814,4,31731.256,11.6092,0.4033,1.4665,1.3897,0,105,-15.8,64.7,-34.7,101,377.543606100011,"[  0.00000000e+00   0.00000000e+00   0.00000000e+00   0.00000000e+00
   0.00000000e+00   0.00000000e+00   0.00000000e+00   0.00000000e+00
   0.00000000e+00   1.61570740e-04   4.13197304e-04   3.46979787e-04
   1.21840231e-04   3.54925889e-04   1.29786333e-03   3.25260441e-03
   4.66965927e-03   3.78499325e-03   2.52156303e-03   2.63280846e-03
   4.18759575e-03   9.20953221e-03   2.06439730e-02   3.76777669e-02
   4.87625792e-02   5.03041230e-02   7.57740286e-02   1.92330101e-01
   3.73768745e-01   4.77809708e-01   4.57886181e-01   4.00962955e-01
   3.46548049e-01   2.52399984e-01   1.43443033e-01   7.40682654e-02
   3.78790682e-02   1.94149759e-02   1.15483349e-02   8.12621364e-03
   5.23648121e-03   2.45269681e-03   9.27045232e-04   8.18448505e-04
   1.14953609e-03   1.15748219e-03   6.86013472e-04   1.96003849e-04
   0.00000000e+00   0.00000000e+00   0.00000000e+00   0.00000000e+00
   0.00000000e+00   0.00000000e+00   0.00000000e+00   0.00000000e+00
   0.00000000e+00   0.00000000e+00   0.00000000e+00   0.00000000e+00
   0.00000000e+00]",18.4368906257494,0.748483342500202,2.35290537192124,2.51588472202907,1.57862338230101,2.60196225585305
PCPDTBT-n1,19.6,3.6,8.8,CCCC[C@H](CC)C[C@]1(C[C@H](CC)CCCC)c2ccsc2-c2sc(-c3cccc4nsnc34)cc21,False,PCPDTBT,1,True,192,76,0,536.876,1,True,True,SOLSPE2_PCPDTBT-n1,c1cc2c(s1)c1c(cc(s1)c1cccc3c1nsn3)[C@]2(C[C@@H](CCCC)CC)C[C@@H](CC)CCCC,-4.8053673315197,-3.37353146157375,1.43183586994595,[-1.72406647  1.12472271  2.4142014 ],3.17266051957921,676.0834,3435.564,4,13742.256,4.9737,0.9235,0,0.6699,0,59.5,13.9,37.8,29.3,47.9,149.930892140346,"[  0.00000000e+00   0.00000000e+00   0.00000000e+00   0.00000000e+00
   0.00000000e+00   0.00000000e+00   0.00000000e+00   0.00000000e+00
   0.00000000e+00   0.00000000e+00   0.00000000e+00   0.00000000e+00
   0.00000000e+00   0.00000000e+00   0.00000000e+00   0.00000000e+00
   0.00000000e+00   0.00000000e+00   0.00000000e+00   0.00000000e+00
   1.15386494e-03   1.05248490e-02   3.88445631e-02   7.37806588e-02
   8.27514585e-02   8.02836549e-02   1.31167098e-01   2.59126051e-01
   3.91240252e-01   4.40709710e-01   4.14837790e-01   3.83136518e-01
   3.52822552e-01   2.68997266e-01   1.53610771e-01   7.31670428e-02
   3.74038994e-02   2.46780363e-02   1.89687393e-02   1.60740723e-02
   1.44533256e-02   1.08516662e-02   8.71734958e-03   1.11317953e-02
   1.12985388e-02   6.13616038e-03   1.40064530e-03   7.33671350e-05
   0.00000000e+00   0.00000000e+00   0.00000000e+00   0.00000000e+00
   0.00000000e+00   0.00000000e+00   0.00000000e+00   0.00000000e+00
   0.00000000e+00   0.00000000e+00   0.00000000e+00   0.00000000e+00
   0.00000000e+00]",19.5013033963334,0.615122299327957,2.93648932836268,1.67825243139293,6.38002571084243,2.48105912085842
PFO-n1,18.55,2.8,4.51,CCCCCCCCC1(CCCCCCCC)c2ccccc2-c2ccccc21,False,PFO,1,True,158,71,0,390.655,1,True,True,SOLSPE2_PFO-n1,c1ccc2c(c1)c1c(C2(CCCCCCCC)CCCCCCCC)cccc1,-5.47925728228295,-1.83031939261815,3.6489378896648,[ 0.1299849  -1.19939921 -0.04554809],1.20728172805802,461.35834,1004.148,4,4016.592,4.9111,0,0,0.552,0,38.7,2.831636,8.702781,1.309378,2.663344,154.688235774412,"[ 0.          0.          0.          0.          0.          0.          0.
  0.          0.          0.          0.          0.          0.          0.
  0.          0.          0.          0.          0.          0.          0.
  0.          0.0019006   0.01810092  0.06514393  0.10795262  0.13619652
  0.24166026  0.40637221  0.48469103  0.4437894   0.36814047  0.30040423
  0.20989314  0.13032665  0.11027341  0.09240522  0.04670685  0.01088641
  0.          0.          0.          0.          0.          0.          0.
  0.          0.          0.          0.          0.          0.          0.
  0.          0.          0.          0.          0.          0.          0.
  0.        ]",17.9272772740673,0.573094336378589,2.62077138090608,1.68779999291798,5.2227117730737,2.04848260452605
Polyacrylamide-n5,16.9,18.1,19.9,C=CC(N)=O,False,Polyacrylamide,5,True,140,50,0,355.395,1,True,True,SOLSPE2_Polyacrylamide-n5,C([C@@H](C(=O)N)CCC(=O)N)[C@H](C[C@H](C(=O)N)CC(=O)N)C(=O)N,-5.5444829722478,-0.8113890794209,4.7330938928269,[-1.21952984  0.61151873  9.20872117],9.30922949778203,247.04697,1419.636,4,5678.544,3.0804,11.0305,7.1617,0.4004,0,264,43.8,425,101,795,57.6441760631549,"[  0.00000000e+00   0.00000000e+00   0.00000000e+00   0.00000000e+00
   0.00000000e+00   0.00000000e+00   0.00000000e+00   0.00000000e+00
   0.00000000e+00   0.00000000e+00   0.00000000e+00   1.04086838e-04
   1.90825869e-03   1.67059375e-02   5.90345848e-02   1.22926555e-01
   1.70598327e-01   1.74865887e-01   1.53736259e-01   1.33231152e-01
   1.21642818e-01   1.15172086e-01   1.18103865e-01   1.58576297e-01
   2.45853111e-01   3.06067346e-01   2.82613112e-01   2.45089807e-01
   2.52705494e-01   2.46425588e-01   1.91016695e-01   1.51116741e-01
   1.46779789e-01   1.37411974e-01   1.09811614e-01   8.08581251e-02
   6.29378412e-02   5.78375862e-02   7.89672142e-02   1.16993606e-01
   1.34358760e-01   1.41974447e-01   1.90357478e-01   2.57285315e-01
   2.56816924e-01   1.81111098e-01   9.20995036e-02   2.81034462e-02
   2.51543191e-03   3.46956126e-05   0.00000000e+00   0.00000000e+00
   0.00000000e+00   0.00000000e+00   0.00000000e+00   0.00000000e+00
   0.00000000e+00   0.00000000e+00   0.00000000e+00   0.00000000e+00
   0.00000000e+00]",17.988705881105,0.811585090598189,9.26732210235454,4.39011208281112,12.805028162481,3.5972703886542
Polycaprolactone-n5,17.7,5,8.4,CCCCCC(=O)O,False,Polycaprolactone,5,True,240,100,0,580.8,1,True,True,SOLSPE2_Polycaprolactone-n5,CCCCCC(=O)OCCCCCC(=O)OCCCCCC(=O)OCCCCCC(=O)OCCCCCC(=O)O,-6.3392731067882,-0.8179198118329,5.5213532949553,[ 4.1007517  -2.13608353 -0.26253697],4.63119239501248,478.66187,1940.114,4,7760.456,7.038,3.7041,3.4191,0.7408,0,204,89.9,238,78.7,422,204.243005016084,"[  0.00000000e+00   0.00000000e+00   0.00000000e+00   0.00000000e+00
   0.00000000e+00   0.00000000e+00   0.00000000e+00   0.00000000e+00
   0.00000000e+00   3.28040610e-04   2.37951846e-03   5.17031171e-03
   5.96838065e-03   6.56570833e-03   6.38944771e-03   3.10414548e-03
   7.88276690e-04   2.19836170e-03   4.40651566e-03   3.93159119e-03
   1.88990561e-03   1.65489144e-03   5.13114268e-03   3.91445474e-02
   1.21203661e-01   2.09745249e-01   3.24015993e-01   4.76398200e-01
   5.21511128e-01   4.09389785e-01   2.71568664e-01   1.78077090e-01
   1.14270743e-01   6.57354214e-02   3.76561244e-02   3.81212566e-02
   4.48828101e-02   4.96222625e-02   5.92382589e-02   6.26067953e-02
   7.55619513e-02   1.02461281e-01   9.81428960e-02   6.13044251e-02
   2.76533338e-02   7.37846567e-03   2.88871582e-04   0.00000000e+00
   0.00000000e+00   0.00000000e+00   0.00000000e+00   0.00000000e+00
   0.00000000e+00   0.00000000e+00   0.00000000e+00   0.00000000e+00
   0.00000000e+00   0.00000000e+00   0.00000000e+00   0.00000000e+00
   0.00000000e+00]",17.521622938348,0.4480011912879,8.32520707144215,2.7600890648753,8.95504139762563,2.80031025415135
Polyethyleneoxide-n5,17,10,5,CCO,False,Polyethyleneoxide,5,True,100,45,0,230.345,1,True,True,SOLSPE2_Polyethyleneoxide-n5,OCCOCCOCCOCCOCC,-5.61525978476285,0.66763133220175,6.2828911169646,[-0.17868476 -1.82548214 -0.15278437],1.84055870813031,175.26005,365.076,4,1460.304,3.0012,3.1607,1.5713,0.2869,0,98.2,50.3,129,74,225,93.2975425024689,"[ 0.          0.          0.          0.          0.          0.          0.
  0.          0.          0.          0.          0.          0.00103968
  0.00754575  0.01390176  0.01065409  0.00852112  0.01352662  0.01452343
  0.00825316  0.00333342  0.00452316  0.00838179  0.009325    0.00957153
  0.13739912  0.44911151  0.59118385  0.44407386  0.31825061  0.24094954
  0.14605958  0.09146007  0.07007687  0.05567135  0.03561723  0.02024705
  0.01947533  0.02973283  0.04375249  0.07198475  0.09955246  0.08595082
  0.06050535  0.04909025  0.03106191  0.01084702  0.00161848  0.          0.
  0.          0.          0.          0.          0.          0.          0.
  0.          0.          0.          0.        ]",17.2193272302604,0.453579575916822,9.71498915528432,2.84283737013294,6.70977721140516,2.2091462662108
Polyethyleneterephthalate-n5,18.2,6.4,6.6,O=Cc1ccc(C(=O)OCCO)cc1,False,Polyethyleneterephthalate,5,True,370,120,0,970.93,1,True,True,SOLSPE2_Polyethyleneterephthalate-n5,O(C(=O)c1ccc(cc1)C(=O)OCCOC(=O)c1ccc(C(=O)O)cc1)CCOC(=O)c1ccc(C(=O)OCCOC(=O)c2ccc(cc2)C(=O)OCCOC(=O)c2ccc(cc2)C(=O)O)cc1,-6.4598195425597,-2.8308548095216,3.6289647330381,[-1.09859356  5.71056667 -1.86762429],6.10782285491651,808.85701,7545.969,4,30183.876,9.2407,2.1063,8.3071,1.0112,0,355,30.5,390,-109,755,211.63413466641,"[  0.00000000e+00   0.00000000e+00   0.00000000e+00   0.00000000e+00
   0.00000000e+00   0.00000000e+00   0.00000000e+00   0.00000000e+00
   4.72513568e-04   3.60527852e-03   9.33214296e-03   1.19356927e-02
   1.29232461e-02   1.29988482e-02   6.64354076e-03   2.06488429e-03
   5.09369626e-03   8.61864747e-03   7.18693136e-03   3.39264742e-03
   3.60527852e-03   3.27546405e-02   1.48402336e-01   2.86886613e-01
   3.16243881e-01   3.00660383e-01   3.14448329e-01   2.97078730e-01
   2.36804900e-01   1.90862405e-01   1.92468951e-01   2.73079766e-01
   3.44400964e-01   2.49784847e-01   1.08578893e-01   6.97052015e-02
   8.64085561e-02   1.08952178e-01   1.18605631e-01   1.28726871e-01
   1.60805817e-01   1.63688150e-01   1.01580967e-01   3.80987690e-02
   9.16203808e-03   2.83508141e-04   0.00000000e+00   0.00000000e+00
   0.00000000e+00   0.00000000e+00   0.00000000e+00   0.00000000e+00
   0.00000000e+00   0.00000000e+00   0.00000000e+00   0.00000000e+00
   0.00000000e+00   0.00000000e+00   0.00000000e+00   0.00000000e+00
   0.00000000e+00]",18.2102338455008,0.504829387722821,8.92997764388018,3.56940379002139,8.78311438272417,3.50920623678863
Polyethylmethacrylate-n5,17.6,9.7,4,CCOC(=O)C(C)(C)CC,False,Polyethylmethacrylate,5,True,300,130,0,721.07,1,True,True,SOLSPE2_Polyethylmethacrylate-n5,CC(C(=O)OCC)(C)[C@](C)(C(=O)OCC)[C@](C)(C(=O)OCC)[C@](C)(C(=O)OCC)[C@H](C(=O)OCC)C,-6.03355319575145,-1.43444816291075,4.5991050328407,[-1.20300849  0.68820321 -2.21261551],2.61084669865706,431.0376,3569.732,4,14278.928,4.3518,1.6818,0,0.6101,0,90.1,56.3,80.9,85.7,106,126.175709354059,"[  0.00000000e+00   0.00000000e+00   0.00000000e+00   0.00000000e+00
   0.00000000e+00   0.00000000e+00   0.00000000e+00   0.00000000e+00
   0.00000000e+00   0.00000000e+00   0.00000000e+00   0.00000000e+00
   0.00000000e+00   0.00000000e+00   0.00000000e+00   0.00000000e+00
   0.00000000e+00   0.00000000e+00   0.00000000e+00   0.00000000e+00
   0.00000000e+00   0.00000000e+00   9.74831056e-04   2.52108747e-02
   1.08507415e-01   2.36115177e-01   3.49782064e-01   4.09904571e-01
   4.10166111e-01   3.80746819e-01   3.62359762e-01   3.28208973e-01
   2.26992978e-01   1.08745178e-01   4.45965395e-02   2.63125131e-02
   2.69624004e-02   3.64016182e-02   4.37405902e-02   4.46916449e-02
   5.49709610e-02   7.54424132e-02   7.62666606e-02   4.83294291e-02
   1.89576901e-02   4.42240430e-03   2.45689128e-04   0.00000000e+00
   0.00000000e+00   0.00000000e+00   0.00000000e+00   0.00000000e+00
   0.00000000e+00   0.00000000e+00   0.00000000e+00   0.00000000e+00
   0.00000000e+00   0.00000000e+00   0.00000000e+00   0.00000000e+00
   0.00000000e+00]",17.9130202671143,0.546679805429891,8.32374120947574,1.61072384781436,3.84571502895599,1.95329221578172
Polyhexamethyleneadipamide-n5,17.4,9.9,14.6,NCCCCCCNC(=O)CCCCC=O,False,Polyhexamethyleneadipamide,5,True,470,200,1,1141.68,1,True,True,SOLSPE2_Polyhexamethyleneadipamide-n5,C(=O)CCCCC(=O)NCCCCCCNC(=O)CCCCC(=O)NCCCCCCNC(=O)CCCCC(=O)NCCCCCCNC(=O)CCCCC(=O)NCCCCCCNC(=O)CCCCC(=O)[N][C]CCCCCN.[H][H],-5.10101903008795,-3.93141927786885,1.1695997522191,[ 155.54195721    8.09108994   62.84729354],167.954007074352,1028.33189,4513.806,4,18055.224,14.2191,28.1089,6.1677,1.4579,-100,555,191,829,558,1650,385.72196447182,"[  0.00000000e+00   0.00000000e+00   0.00000000e+00   0.00000000e+00
   0.00000000e+00   0.00000000e+00   0.00000000e+00   0.00000000e+00
   0.00000000e+00   0.00000000e+00   0.00000000e+00   0.00000000e+00
   0.00000000e+00   9.09981884e-04   6.47875991e-03   1.67037415e-02
   2.52409790e-02   3.29848989e-02   4.45528168e-02   5.66185025e-02
   5.96932561e-02   5.27011731e-02   4.41665281e-02   4.56779795e-02
   9.26574146e-02   1.97323479e-01   3.26649793e-01   4.49632160e-01
   5.01534830e-01   4.33465074e-01   3.07459805e-01   1.99690469e-01
   1.25455651e-01   8.18335561e-02   5.67066489e-02   4.23880450e-02
   3.58418791e-02   2.74083432e-02   2.02062644e-02   2.15984589e-02
   2.59254098e-02   3.04027281e-02   4.52839133e-02   7.25133712e-02
   8.52634878e-02   6.53631432e-02   3.43459829e-02   1.23793832e-02
   2.87772049e-03   1.64626352e-03   1.71885467e-03   1.39997213e-03
   1.02664623e-03   5.36655983e-04   9.07389343e-05   0.00000000e+00
   0.00000000e+00   0.00000000e+00   0.00000000e+00   0.00000000e+00
   0.00000000e+00]",17.8677421793383,0.539435658612893,8.75548893958481,2.85189992904074,10.1823800704275,4.25133753119758
Polylacticacid-n5,18.5,8,7,CCC(=O)O,False,Polylacticacid,5,True,150,55,0,370.395,1,True,True,SOLSPE2_Polylacticacid-n5,C(C(=O)O[C@H](C(=O)O[C@@H](C(=O)O[C@@H](C(=O)OC(=O)[C@@H](O)C)C)C)C)C,-6.2155701503509,-2.2839603927867,3.9316097575642,[-1.7404099  -2.87232574  2.13832027],3.98141876219869,249.53606,1629.387,4,6517.548,3.9055,1.5881,2.264,0.4253,0,155,38.9,156,27.6,237,93.0039516633568,"[ 0.          0.          0.          0.          0.          0.          0.
  0.          0.          0.          0.          0.00287085  0.00869856
  0.01233281  0.01138661  0.0089136   0.01075223  0.01382737  0.01051568
  0.00611802  0.01716056  0.05457833  0.0995119   0.15052049  0.2568493
  0.37789792  0.40742355  0.36285555  0.33317939  0.31215878  0.24435521
  0.15822984  0.09970544  0.07101849  0.06776056  0.07826549  0.08774896
  0.11147913  0.15415474  0.18149766  0.17705699  0.13871454  0.08570604
  0.04895491  0.02596664  0.00942971  0.00172036  0.          0.          0.
  0.          0.          0.          0.          0.          0.          0.
  0.          0.          0.          0.        ]",17.8794243366963,0.669733273741363,8.62264975763771,2.77853559712857,6.47643449901932,2.03260791086626
Polymethylmethacrylate-n5,18.6,10.5,5.1,COC(=O)C(C)C,False,Polymethylmethacrylate,5,True,210,85,0,510.665,1,True,True,SOLSPE2_Polymethylmethacrylate-n5,CC(C(=O)OC)(C)[C@](C)(C(=O)OC)[C@](C)(C(=O)OC)[C@](C)(C(=O)OC)[C@H](C(=O)OC)C,-6.0993775361874,-1.4709386302628,4.6284389059246,[-1.32290266  1.23251816 -1.1308229 ],2.13258831007685,348.89145,2432.634,4,9730.536,3.7282,1.754,0,0.5151,0,105,59.9,92.8,92.2,116,99.0941513561724,"[  0.00000000e+00   0.00000000e+00   0.00000000e+00   0.00000000e+00
   0.00000000e+00   0.00000000e+00   0.00000000e+00   0.00000000e+00
   0.00000000e+00   0.00000000e+00   0.00000000e+00   0.00000000e+00
   0.00000000e+00   0.00000000e+00   0.00000000e+00   0.00000000e+00
   0.00000000e+00   0.00000000e+00   0.00000000e+00   0.00000000e+00
   0.00000000e+00   2.92650975e-04   1.64691859e-02   1.00883855e-01
   2.48420312e-01   3.40332901e-01   3.67670539e-01   4.08631584e-01
   4.13122262e-01   3.53037990e-01   2.76191880e-01   2.11758209e-01
   1.56669186e-01   9.88151154e-02   6.60785718e-02   5.70972143e-02
   5.27881810e-02   5.34945799e-02   6.07704886e-02   7.72901316e-02
   9.56060461e-02   1.08866163e-01   1.00500381e-01   6.58565608e-02
   2.67826099e-02   4.79342114e-03   1.11005542e-04   0.00000000e+00
   0.00000000e+00   0.00000000e+00   0.00000000e+00   0.00000000e+00
   0.00000000e+00   0.00000000e+00   0.00000000e+00   0.00000000e+00
   0.00000000e+00   0.00000000e+00   0.00000000e+00   0.00000000e+00
   0.00000000e+00]",18.0039133658237,0.45159579210204,9.95718721061225,1.08663906117858,5.29993807951446,1.20780551566699
Polyoxymethylene-n5,17.2,9.2,9.8,CO,False,Polyoxymethylene,5,True,70,30,0,160.21,1,True,True,SOLSPE2_Polyoxymethylene-n5,C(OCOCOCO)OC,-5.91219041842845,1.11106806297655,7.023258481405,[-0.15347064 -2.87008901  3.22255296],4.31807963283952,95.53981,436.018,4,1744.072,1.7528,2.5936,0,0.1791,0,81.3,48.3,87.5,92.8,133,44.783091943277,"[  0.00000000e+00   0.00000000e+00   0.00000000e+00   0.00000000e+00
   0.00000000e+00   0.00000000e+00   0.00000000e+00   0.00000000e+00
   0.00000000e+00   0.00000000e+00   0.00000000e+00   0.00000000e+00
   0.00000000e+00   0.00000000e+00   0.00000000e+00   0.00000000e+00
   0.00000000e+00   0.00000000e+00   0.00000000e+00   1.33979137e-04
   3.63976655e-03   3.20880033e-02   1.25315153e-01   2.78922233e-01
   4.04326705e-01   4.34293372e-01   4.04282045e-01   3.67236814e-01
   2.98751145e-01   1.87883409e-01   1.05687209e-01   7.00487587e-02
   5.58693000e-02   5.01975166e-02   4.76965727e-02   6.14517641e-02
   7.60778198e-02   7.88243921e-02   7.85117741e-02   8.46524846e-02
   1.12721114e-01   1.52066320e-01   1.50838178e-01   1.07138650e-01
   6.89322659e-02   4.41237957e-02   2.41385745e-02   7.92709892e-03
   2.00968705e-04   0.00000000e+00   0.00000000e+00   0.00000000e+00
   0.00000000e+00   0.00000000e+00   0.00000000e+00   0.00000000e+00
   0.00000000e+00   0.00000000e+00   0.00000000e+00   0.00000000e+00
   0.00000000e+00]",17.1136447044909,0.30177834882731,7.56442121279668,2.67977699546376,7.5642430654018,2.34474926508562
Polyphenyleneoxide-n5,17.9,3.1,8.5,Cc1cccc(C)c1O,False,Polyphenyleneoxide,5,True,240,95,0,610.835,1,True,True,SOLSPE2_Polyphenyleneoxide-n5,c1(cc(c(c(c1)C)O)C)Oc1c(C)cc(cc1C)Oc1c(C)cc(cc1C)Oc1c(C)cc(cc1C)Oc1c(C)cccc1C,-4.7342911937691,-1.2880781227268,3.4462130710423,[ 0.99478864 -0.99694912  0.20150964],1.42271505515566,654.31674,3412.13,4,13648.52,6.1169,0.1545,1.9169,0.7616,0,109,2.992225,77,-31.8,128,162.973775283019,"[  0.00000000e+00   0.00000000e+00   0.00000000e+00   0.00000000e+00
   0.00000000e+00   0.00000000e+00   0.00000000e+00   0.00000000e+00
   0.00000000e+00   1.65670826e-04   8.40626044e-04   2.46051857e-03
   3.57112670e-03   3.61407839e-03   4.98853266e-03   6.20345205e-03
   4.92103713e-03   3.20296931e-03   2.75504448e-03   2.46665452e-03
   1.74874761e-03   2.90230744e-03   1.04740778e-02   3.66807481e-02
   1.16116841e-01   2.50721320e-01   3.60303367e-01   3.72047588e-01
   3.14068935e-01   2.93053284e-01   3.56443851e-01   3.59787947e-01
   2.52770729e-01   1.92748802e-01   1.95043650e-01   1.90877336e-01
   1.50742044e-01   8.91431764e-02   5.43584389e-02   3.99512129e-02
   3.27598719e-02   2.74093178e-02   1.45299451e-02   3.20910526e-03
   2.20894435e-04   0.00000000e+00   0.00000000e+00   0.00000000e+00
   0.00000000e+00   0.00000000e+00   0.00000000e+00   0.00000000e+00
   0.00000000e+00   0.00000000e+00   0.00000000e+00   0.00000000e+00
   0.00000000e+00   0.00000000e+00   0.00000000e+00   0.00000000e+00
   0.00000000e+00]",17.8763738321401,0.67261053941486,7.09627617507091,2.75770941754845,8.39939390301482,2.26761620665102
Polypropyleneoxide-n5,16.5,9,7,CC(C)O,False,Polypropyleneoxide,5,True,130,60,0,300.48,1,True,True,SOLSPE2_Polypropyleneoxide-n5,C1[C@H](C[C@@H]2O[C@H]2C[C@H]2O[C@H]2C[C@H]2O[C@@H]2C[C@@H]2O[C@H]2C)O1,-5.9731711323255,0.72526504573765,6.69843617806315,[ 4.85613326  2.73695234 -5.31133459],7.69955930550423,225.01811,258.112,4,1032.448,3.4018,2.2577,0,0.357,0,123,72.3,114,115,146,91.215213561116,"[  0.00000000e+00   0.00000000e+00   0.00000000e+00   0.00000000e+00
   0.00000000e+00   0.00000000e+00   0.00000000e+00   0.00000000e+00
   0.00000000e+00   0.00000000e+00   0.00000000e+00   0.00000000e+00
   0.00000000e+00   0.00000000e+00   0.00000000e+00   0.00000000e+00
   0.00000000e+00   0.00000000e+00   0.00000000e+00   0.00000000e+00
   0.00000000e+00   3.39855588e-04   2.48971626e-02   1.43561578e-01
   3.32937882e-01   4.50297690e-01   4.46394833e-01   3.73062767e-01
   3.00355598e-01   2.58060022e-01   2.21388508e-01   1.55401708e-01
   7.94933182e-02   5.42453370e-02   4.71302958e-02   3.31633275e-02
   3.60685446e-02   5.19979049e-02   7.87368655e-02   1.04116404e-01
   1.31195220e-01   1.45874789e-01   1.24430997e-01   8.57422758e-02
   4.13198616e-02   8.83624528e-03   3.61781755e-04   0.00000000e+00
   0.00000000e+00   0.00000000e+00   0.00000000e+00   0.00000000e+00
   0.00000000e+00   0.00000000e+00   0.00000000e+00   0.00000000e+00
   0.00000000e+00   0.00000000e+00   0.00000000e+00   0.00000000e+00
   0.00000000e+00]",17.2619019896371,0.680648972841203,8.65945642118418,1.63299790853002,6.58289765137303,1.71189117707283
Polyvinylacetate-n5,17.6,2.2,4,CCOC(C)=O,False,Polyvinylacetate,5,True,180,70,0,440.53,1,True,True,SOLSPE2_Polyvinylacetate-n5,C[C@@H](OC(=O)C)C[C@@H](OC(=O)C)C[C@@H](OC(=O)C)C[C@@H](OC(=O)C)CCOC(=O)C,-6.2192164759476,-1.2197231234812,4.9994933524664,[  4.74805821 -14.62894417  -0.41514341],15.3857859232212,326.64592,2243.434,4,8973.736,4.1992,5.877,0.0144,0.5284,0,204,117,220,215,314,107.269670028392,"[  0.00000000e+00   0.00000000e+00   0.00000000e+00   0.00000000e+00
   0.00000000e+00   0.00000000e+00   0.00000000e+00   0.00000000e+00
   0.00000000e+00   0.00000000e+00   0.00000000e+00   0.00000000e+00
   0.00000000e+00   0.00000000e+00   0.00000000e+00   0.00000000e+00
   0.00000000e+00   2.33057490e-04   3.21619336e-03   1.40393832e-02
   3.36535015e-02   5.64651686e-02   1.04055508e-01   2.30698948e-01
   3.99311380e-01   4.61332639e-01   3.89970436e-01   3.28331391e-01
   3.09677470e-01   2.38016953e-01   1.29719799e-01   6.42213218e-02
   4.26495206e-02   3.38772367e-02   2.87779388e-02   3.19941322e-02
   3.98994422e-02   5.21582662e-02   8.28099872e-02   1.13769344e-01
   1.26671407e-01   1.53995067e-01   1.71483701e-01   1.36124218e-01
   8.54109088e-02   4.16986460e-02   1.00028275e-02   3.72891983e-04
   0.00000000e+00   0.00000000e+00   0.00000000e+00   0.00000000e+00
   0.00000000e+00   0.00000000e+00   0.00000000e+00   0.00000000e+00
   0.00000000e+00   0.00000000e+00   0.00000000e+00   0.00000000e+00
   0.00000000e+00]",17.7650719138713,0.505685423342839,9.69217414187355,2.72118106135015,7.31859778469488,2.41003719403209
Polyvinylbutylether-n5,17.4,4.3,8.4,COCC(CC(=O)O)C(=O)O,False,Polyvinylbutylether,5,True,320,105,0,810.705,1,True,True,SOLSPE2_Polyvinylbutylether-n5,C(CCCO/C=C/CCCCO/C=C/CCCCO/C=C\CCCCOC=C)/C=C\OCCCC,-4.80033322528545,-0.3451492079742,4.45518401731125,[-5.54235391 -3.11849387  3.54149127],7.27906939632862,494.67428,2464.573,4,9858.292,6.6599,1.0428,0,0.6956,0,123,55.3,82.3,70.8,86.8,189.531512039555,"[  0.00000000e+00   0.00000000e+00   0.00000000e+00   0.00000000e+00
   0.00000000e+00   0.00000000e+00   0.00000000e+00   0.00000000e+00
   0.00000000e+00   0.00000000e+00   0.00000000e+00   0.00000000e+00
   0.00000000e+00   0.00000000e+00   0.00000000e+00   0.00000000e+00
   0.00000000e+00   0.00000000e+00   0.00000000e+00   0.00000000e+00
   2.00494364e-04   5.34475766e-03   2.23551216e-02   4.58129622e-02
   9.26231201e-02   1.79722093e-01   2.99406676e-01   4.35795605e-01
   4.92213664e-01   4.20230911e-01   3.20062872e-01   2.47694958e-01
   1.81262734e-01   1.23715575e-01   9.01960830e-02   7.97809284e-02
   8.27197537e-02   8.43448133e-02   7.87467996e-02   7.03260363e-02
   5.70617513e-02   4.11541063e-02   3.14776152e-02   2.21124179e-02
   8.62653383e-03   9.18053141e-04   0.00000000e+00   0.00000000e+00
   0.00000000e+00   0.00000000e+00   0.00000000e+00   0.00000000e+00
   0.00000000e+00   0.00000000e+00   0.00000000e+00   0.00000000e+00
   0.00000000e+00   0.00000000e+00   0.00000000e+00   0.00000000e+00
   0.00000000e+00]",17.4074440662066,0.425054030249096,6.68844380311947,2.22927558314976,7.03816433803191,2.82532048128076
Polyvinylidenefluoride-n5,17,12.1,10.2,CC(F)F,False,Polyvinylidenefluoride,5,True,130,40,0,330.25,1,True,True,SOLSPE2_Polyvinylidenefluoride-n5,CC(F)(F)CC(F)(F)CC(F)(F)CC(F)(F)CC(F)F,-7.1837512304299,0.7128838655399,7.8966350959698,[-8.1856429   2.39183404  3.23404165],9.12056166729892,138.31784,389.4,4,1557.6,2.7945,0,0,0.3059,0,82.8,-14.6,35.2,-12.9,18.1,78.3614091756905,"[  0.00000000e+00   0.00000000e+00   0.00000000e+00   0.00000000e+00
   0.00000000e+00   0.00000000e+00   0.00000000e+00   0.00000000e+00
   0.00000000e+00   0.00000000e+00   0.00000000e+00   0.00000000e+00
   0.00000000e+00   0.00000000e+00   0.00000000e+00   0.00000000e+00
   0.00000000e+00   0.00000000e+00   0.00000000e+00   1.27613836e-04
   2.96829782e-02   1.42761598e-01   2.54551318e-01   2.63050400e-01
   2.42313151e-01   2.11302989e-01   1.46156126e-01   9.10907560e-02
   7.14637480e-02   7.61088916e-02   7.99373067e-02   9.06696303e-02
   1.23096306e-01   2.18704592e-01   4.07522023e-01   5.23612329e-01
   3.94824446e-01   1.61201797e-01   3.30264607e-02   4.46648425e-03
   5.23216727e-04   0.00000000e+00   0.00000000e+00   0.00000000e+00
   0.00000000e+00   0.00000000e+00   0.00000000e+00   0.00000000e+00
   0.00000000e+00   0.00000000e+00   0.00000000e+00   0.00000000e+00
   0.00000000e+00   0.00000000e+00   0.00000000e+00   0.00000000e+00
   0.00000000e+00   0.00000000e+00   0.00000000e+00   0.00000000e+00
   0.00000000e+00]",17.5722241042193,0.631241866262588,11.4049899699294,3.12748858414086,8.30423033558183,2.69093457112127
Polyvinylpyrrolidone-n5,18.1,10,18,CCN1CCCC1=O,False,Polyvinylpyrrolidone,5,True,230,95,0,565.8,1,True,True,SOLSPE2_Polyvinylpyrrolidone-n5,C(C[C@H](C[C@H](C[C@H](C[C@H](C)N1CCCC1=O)N1CCCC1=O)N1CCCC1=O)N1CCCC1=O)N1C(=O)CCC1,-5.3575951797244,-0.5799834609557,4.7776117187687,[ -6.55706984  13.37883713   2.9016575 ],15.1791983950537,498.21079,3332.59,4,13330.36,4.7278,10.3065,0,0.7053,0,176,150,238,308,438,137.555799256156,"[  0.00000000e+00   0.00000000e+00   0.00000000e+00   0.00000000e+00
   0.00000000e+00   0.00000000e+00   0.00000000e+00   0.00000000e+00
   0.00000000e+00   0.00000000e+00   0.00000000e+00   0.00000000e+00
   0.00000000e+00   0.00000000e+00   0.00000000e+00   0.00000000e+00
   0.00000000e+00   0.00000000e+00   0.00000000e+00   0.00000000e+00
   0.00000000e+00   1.38125765e-04   9.02906316e-03   5.84490079e-02
   1.99780745e-01   3.93556653e-01   4.94773760e-01   4.53503235e-01
   3.62863654e-01   2.99216756e-01   2.36507659e-01   1.49546585e-01
   7.91024447e-02   4.97470847e-02   3.69450072e-02   2.36558547e-02
   1.60880167e-02   1.44959355e-02   1.98973799e-02   3.49167394e-02
   4.97688941e-02   5.86961803e-02   7.39917914e-02   9.82364980e-02
   1.04379460e-01   7.58746636e-02   3.49821674e-02   8.49109966e-03
   4.07107518e-04   0.00000000e+00   0.00000000e+00   0.00000000e+00
   0.00000000e+00   0.00000000e+00   0.00000000e+00   0.00000000e+00
   0.00000000e+00   0.00000000e+00   0.00000000e+00   0.00000000e+00
   0.00000000e+00]",18.3274834259322,0.470571527570918,8.18423132776986,2.95149400771649,9.43974038963357,3.29339720846052
TQ1-n1,19.2,4.5,4.8,CCCCCCCCOc1cccc(-c2nc3cccc(-c4cccs4)c3nc2-c2cccc(OCCCCCCCC)c2)c1,False,TQ1,1,True,236,93,0,620.903,1,True,True,SOLSPE2_TQ1-n1,c1c(cc(cc1)c1c(c2cc(ccc2)OCCCCCCCC)nc2c(n1)cccc2c1cccs1)OCCCCCCCC,-5.30728132876695,-3.00715737326055,2.3001239555064,[-0.05777389  1.57517097 -0.67671452],1.71535534375806,722.01073,3122.678,4,12490.712,6.8921,0.9861,0,0.8015,0,94.4,21.7,52.6,39,61.3,194.516576871998,"[  0.00000000e+00   0.00000000e+00   0.00000000e+00   0.00000000e+00
   0.00000000e+00   0.00000000e+00   0.00000000e+00   0.00000000e+00
   0.00000000e+00   0.00000000e+00   0.00000000e+00   0.00000000e+00
   0.00000000e+00   0.00000000e+00   0.00000000e+00   0.00000000e+00
   0.00000000e+00   0.00000000e+00   0.00000000e+00   0.00000000e+00
   9.25371004e-04   6.28738188e-03   2.43938079e-02   7.41273584e-02
   1.37427876e-01   1.59554525e-01   1.76776707e-01   2.71082295e-01
   3.92532098e-01   4.35191701e-01   4.01132907e-01   3.56663690e-01
   3.16713367e-01   2.44719503e-01   1.62047886e-01   1.16000396e-01
   8.61006310e-02   5.61494561e-02   3.64287719e-02   2.41521832e-02
   1.69240075e-02   1.60192003e-02   1.38959879e-02   6.51872463e-03
   2.86350916e-03   3.80944397e-03   3.15140236e-03   1.31608321e-03
   2.77611301e-04   0.00000000e+00   0.00000000e+00   0.00000000e+00
   0.00000000e+00   0.00000000e+00   0.00000000e+00   0.00000000e+00
   0.00000000e+00   0.00000000e+00   0.00000000e+00   0.00000000e+00
   0.00000000e+00]",18.8122302773105,0.629401666598162,3.75309698117486,2.02273263513264,5.68898022505919,2.80802543834362
Polyvinylalcohol-n5,17.5,12.5,10,CCO,False,Polyvinylalcohol,5,True,100,45,0,230.345,1,True,True,SOLSPE2_Polyvinylalcohol-n5,C(CO)[C@@H](C[C@H](C[C@H](C[C@H](C)O)O)O)O,-5.5782795124799,0.912669854577,6.4909493670569,[ 2.59219989  6.34679117 -2.38342086],7.25823349293531,177.28356,631.512,4,2526.048,2.6647,5.3847,3.1771,0.278,0,118,38.3,187,69.2,387,69.6947988590253,"[  0.00000000e+00   0.00000000e+00   0.00000000e+00   0.00000000e+00
   0.00000000e+00   0.00000000e+00   0.00000000e+00   0.00000000e+00
   0.00000000e+00   0.00000000e+00   2.15224095e-04   2.36746504e-03
   9.90030836e-03   1.83227446e-02   2.45068503e-02   3.04039905e-02
   2.91269942e-02   2.66016981e-02   3.02605077e-02   2.99304975e-02
   2.45355468e-02   2.42342331e-02   3.27571072e-02   4.16673848e-02
   6.30750081e-02   1.65220363e-01   3.71318957e-01   5.24687647e-01
   4.87396485e-01   3.52508371e-01   2.54251397e-01   1.97202664e-01
   1.39938706e-01   9.07528267e-02   6.69346935e-02   6.19701910e-02
   6.40219941e-02   5.91148847e-02   5.91005364e-02   6.94025965e-02
   6.43807009e-02   5.72783058e-02   6.81542967e-02   7.60458468e-02
   6.87138793e-02   5.79239781e-02   4.68040665e-02   2.57694983e-02
   6.37063321e-03   3.58706825e-04   0.00000000e+00   0.00000000e+00
   0.00000000e+00   0.00000000e+00   0.00000000e+00   0.00000000e+00
   0.00000000e+00   0.00000000e+00   0.00000000e+00   0.00000000e+00
   0.00000000e+00]",17.854348615264,0.578664192275318,8.69964275955994,2.6482409709803,8.27202230560201,4.16038863186889
